pkg_name,app_name,sha,app_type,description,task1,task2,custom ads
com.afghan.af.amir.ahmadi,ÿ¢ŸáŸÜ⁄Ø Ÿáÿß€å ÿ™ÿßÿ¨ ŸÖÿ≠ŸÖÿØ ⁄ÜÿßŸá ÿ¢ÿ®€å,90C80EAE00D0435B79912F4E6CBD6B997976DDD07487A306EA913A1372B90EC1,Music & Audio,"High application capabilities:Completely Reagan By the way, the text of the music  Play and control their music at any time, even in the silent lock state! Others, its music is Hamisheh Hamra Shamast. Tarahi zeba, plain and haste You have lost your music. The quality of the sound is good and loud, and the size of the car is great Payne application sizeAfghan ahangAhang Kheli Shad AfghaniAhnj bride Shad and Mist AfghaniAbdul Ahmed KunduziBelton StadiumTaj Mohammad Shah Abi",Listen to Taj Mohammad Chaabi's songs.,Explore high-quality audio content.,"Navigate through the app and click any buttons or links that lead to Menu, more apps, or advertising content"
conversor.conversaotaxasbasico.cnyshp,CHN Yuan x Saint Helena Pound,B1F7710CB595A6257539D5F31246A9897B1692CBD4501C4871CF42B2BF42C6DF,Finance,A simple currency converter from Chinese Yuan to Saint Helena Pound and from Saint Helena Pound to Chinese Yuan.This application includes the following features:- Currency converter- Exchange rate online- Allows you to change the rate manually to the rate of your choiceChinese Yuan x Saint Helena Pound (CNY SHP)Saint Helena Pound x Chinese Yuan (SHP CNY),Convert Chinese Yuan to Saint Helena Pound.,Check up-to-date exchange rates.,"Navigate through the app and click any buttons or links that lead to Menu, more apps, or advertising content"
com.purpleberry.staticwall.cnygreeting.g01,Lunar New Year Greetings,F7F7EFA421D4E45B3EC818E2FD7BD37378379F510BD8056068C7083A7D352045,Lifestyle,"Happy sending Chinese New Year greetings to your friends and family. Images include the Year of Tiger, lion dance, dragon, Mandarin oranges, red packets and flowers. You can easily send them using applications available on your mobile phone, such as email and other messaging clients.Connect with Purple Berry on Facebook:https://www.facebook.com/pages/Purple-Berry/230454610454349Instagram:https://www.instagram.com/purple.berry.app/YouTube:https://www.youtube.com/channel/UC0vIRsG0lrG89qm3lJYiyHA",Send Chinese New Year greetings.,Choose from a variety of greeting messages.,"Navigate through the app and click any buttons or links that lead to Menu, more apps, or advertising content"
com.dicionario_bibico_free.dicionario_bibico_free,Dicion√°rio B√≠blico,A0CC5ACFB650B1728909F6740E006CD60C766DA709222DF96A09C7A650E3CF39,Books & Reference,"Bible Dictionary - Study, Audio and PrayerDelve into the fascinating world of the Bible like never before with ""Bible Dictionary""! This complete and indispensable application was developed with all those who seek a greater knowledge and understanding of the Holy Scriptures in mind. With an intuitive and easy-to-use design, ""Bible Dictionary"" meets the study and devotion needs of people at all levels of biblical knowledge, from beginners to experienced scholars.By downloading ""Bible Dictionary"", you will have access to a rich variety of resources that will enrich your experience of studying the Scriptures and your spiritual life. Whether you're an avid Bible reader or someone who wants to start exploring the truths and wisdom contained in this holy book, this app is the perfect tool to aid in your journey of spiritual growth.Main features of the application:Bible Dictionary: Find detailed definitions and clear explanations of words, names and places mentioned in the Bible. The dictionary is constantly updated and improved to ensure that you always have the most accurate and relevant information at your fingertips, furthering your understanding of the sacred texts.Bible in Text and Audio: Read and listen to the Bible in the renowned Almeida Corrigida Fiel version, with high quality audio narration. This functionality allows you to immerse yourself in the Scriptures anywhere, at any time, facilitating your study and reflection, even during moments of commuting or breaks at work.Verse Sharing: Easily share Bible verses and passages with friends and family on social media. Spread the message of love, hope and faith present in the Bible, inspiring those around you.Daily Messages: Receive inspiring messages every day, specially selected to strengthen your faith and connection with God. Meditate on these words of wisdom and apply them in your everyday life, always seeking a deeper relationship with the Creator.Gospel Radio: Listen to inspiring music and preaching on the gospel radio integrated into the application. Enjoy a carefully chosen selection of praises, hymns and messages that feed your soul and strengthen your spirit, providing moments of reflection and worship throughout the day.Yearly Reading Plan: Follow an organized and structured reading plan to read the entire Bible in one year. This feature allows you to track your progress and stay motivated to delve deeper into the Scriptures daily, helping to build the habit of biblical reading and meditation.Bible Search: Quickly find verses and passages in the Bible with the advanced search feature. Enter keywords, phrases or topics of interest and easily discover texts that relate to your search. This tool is ideal for quick reference or for preparing studies, sermons and devotionals.Prayer Request: Submit prayer requests and receive spiritual support from an engaged and supportive community. Share your needs, concerns and thanks with other users of the application, strengthening the connection between brothers in faith and encouraging the practice of intercessory prayer.In addition to these features, ""Bible Dictionary"" also offers regular updates, ensuring that you are always up to date with the latest news and app improvements. Our team is constantly working to improve the user experience, fix any issues and add new features that can further enrich your study and devotion.Don't miss the opportunity to deepen your faith and expand your knowledge of the Scriptures with ""Bible Dictionary"". Download now and embark on this exciting journey of spiritual growth, faith strengthening and personal transformation through study and meditation on the Word of God.",,,"Navigate through the app and click any buttons or links that lead to Menu, more apps, or advertising content"
ru.androidtools.countries_of_the_world,Countries of the World - quiz,101678C9AB707AF1791983C963ECF3BC7EF8E6D809A2B694001CA507939A6B87,Education,"Traveling these days is very fashionable, but very expensive. There are few people among us who can easily jump into a plane and fly to the end of the world. But, as a rule, you always want to go far away, be sure to see all the countries and their capitals, and, of course, their famous sights, many of which are real wonders of the world. You know, Venice is sinking, Notre Dame is burned, and Vesuvius is going to blow up and sleep Pompeii again... However, if you are aware of the cultural tragedies of the last hundred years, and are sure that you know all the countries and capitals, perfectly oriented in the names of cities, continents and even foreign Internet domains are familiar to you - the section ""Countries of the world quiz"" if created specifically for you.    When developing our application were taken into account all the wishes and needs of travelers - real and virtual. Only in our directory of the world collected the most complete information needed when traveling to a particular state - from the area and the national currency to the form of government and telephone code.   Application ""Countries of the world"" for easy use is divided into several parts:- countries (look in the directory is useful when planning the details of the trip or just intending to pump their knowledge);- continents (do you know which continent is Cape Verde or Djibouti?);- wonders of the world (this part tells about the most famous sights of the world and where to look for them);- the game (for those who like to show erudition and test yourself);- quiz (20 questions about different countries, flags, coats of arms and other interesting things).As not only a nice but also a useful bonus the app offers:- a thematic article about the countries in your favorite Wikipedia;- demonstration of the world on the map.     How to visit the Colosseum and not spend a single Euro? Walk along the great wall of China and then swing across the ocean to admire the waterfalls of Iguazu in Brazil? Our application will help you to make all these fantastic trips quickly, interestingly, and most importantly - for free.",Learn about countries and their capitals.,Take quizzes to test your knowledge.,"Navigate through the app and click any buttons or links that lead to Menu, more apps, or advertising content"
com.rr.lordshivawallpapers,Lord Shiva Wallpapers & Quotes,81C3FA42BD9137D9C0E376561926B426D27FDC82B33D16CE28A03262F5728ACC,Personalization,"Shiva (or Siva) is one of the most important gods in the Hindu pantheon and, along with Brahma and Vishnu, is considered a member of the holy trinity (Trimurti) of Hinduism. A complex character, he may represent goodness, and benevolence, and serve as the Protector. He is also associated with Time, and particularly as the destroyer of all things. Nevertheless, Shiva is also associated with creation. Mahadev Shiva Wallpapers are very popular among Lord. Hindu God Shiva has different names like Trimurti, Devo ke dev Mahadev, Shiv Shankar, Shambu, Shivay, Mahakal, Bholenath, etc.Features:-App is available in offline.-Easy to download and easy to share.-Best user interface-All the pictures in HD quality.-Easy to set as wallpaper.-Slide image front and back.-Zoom in and Zoom Out option-Easy to share the image through Facebook, Instagram, Twitter, and Whatsapp, etc.-This is a free Application.Disclaimer:All images are copyright of their respective owners. All the images in this app are available on public domains.No copyright infringement is intended, and any request to remove one of the images will be honored. If you have any queries regarding this app then please mail us.",Set and customize wallpapers.,Explore high-quality images and share on social media.,"Navigate through the app and click any buttons or links that lead to Menu, more apps, or advertising content"
com.circledev.yasin_dan_tahlil,Surat Yasin dan Tahlil (Audio),3910B336F19F8C218D72E8880BCA9CE575BEE2A9AB010924CE07E5208D2B2E9C,Education,"Surah Yasin (Surah Yaasiin / Yaseen) and Tahlil are equipped with audio and translations.Supported in three languages ‚Äã‚Äãand translations: Arabic, Indonesian and English (English).Thus, I hope this YASIN and TAHLIL application is useful. Please spread this application to other Muslim brothers, hopefully you will also get the reward of zariah for sharing the good deeds.Criticism, suggestions for improving the application in the next update are very welcome.Jazakumullah khoiron katsiir for his support by giving the best rating on this application. May be useful.",Play and manage audio content.,Listen to Surah Yasin and Tahlil in multiple languages.,"Navigate through the app and click any buttons or links that lead to Menu, more apps, or advertising content"
com.circledev.nirvana,Grunge Nirvana The Greatest,85264DA99008847EC0852FD25FF010E1724F95E28068C8C4C71E66A07D5516AF,Music & Audio,"This application was made by Nirvana fans, and it's unofficial.This app is free, easy to use.Play offline without an internet connection with offline lyrics.Disclaimer:All content in this application is not our trademark. We only get content from search engines and websites. The copyright of all content in this application is fully owned by the creator, musician and music label concerned. We aim to promote these songs so there is no download feature in this application. If you are the copyright holder of the songs contained in this application and do not like your song being displayed, please contact us through the email developer and let us know about the ownership status of the song.",Listen to Nirvana's greatest hits.,Enjoy high-quality music streams.,"Navigate through the app and click any buttons or links that lead to Menu, more apps, or advertising content"
godbless.deliverance.prayer,Deliverance prayer from evil,F029722061B8AB427D2D62E90A1F1908301AC0F931D0745ED36112C0D07F403E,Books & Reference,"Deliverance prayer agains evil.Say this prayer if you need deliverance.This prayer takes from satan all the legal grounds to touch you.If you are having problems with demons this self deliverance prayer is your first step to get rid of them.It takes all the legal grounds off real quick that satan used to attack you from any source.     Lord Jesus Christ,  I believe you are the Son of God. And the only way to God. I believe you died on the Cross for my sins.  And rose again from the dead.  By your Blood, the Blood of the Lamb and the word of my testimony I have given all power to stand against the satan. I apply the Blood of Jesus over myself and everything surrounding me. I cover my spirit, soul and body, my mind, intellect, consciousness, sub-consciousness, thoughts, will, sences and emotions with the Blood of Jesus.  I ask Father to restore my soul and fragmented mind into wholeness in Jesus Christ.  Into the mind that is made perfect by the Blood. I proclaim that I have the mind of the Christ. Anointed.  Set free by the Anointing.   Purged with Hyssop. Purified and Sanctified by the Word of God and Justified by the Blood of Jesus. Every yoke broken by the Anointing of the Holy Ghost. I proclaim the Victory of Christ and the Power of the Cross in every area I am going to overcome with my testimony and the Blood of the Lamb.   In the name of the Lord Jesus and by the Blood of the everlasting covenant.  Now Father I ask forgiveness for every sin Holy Spirit had made me conscious.   I ask forgiveness and forgive any person, living or dead, who has ever dominated or controlled me, or harmed me in any way. I forgive and have received forgivness. In the name of Jesus Christ.  I ask for the necessary spiritual gifts and especially the gift of dicernment to break the specific demon bondages. I ask anointing of the Holy Spirit and the authority of Jesus Christ. I ask for the legions of angels covering this place for protection, bind the demons, put them under the Cross and ask Jesus to send them where ever He wants to send them.   Lord you will command Your angels concerning me to guard me in all my ways. I invoke and ask for the Power of God to be Manifested. I pray healing from the works of the demons. I am calling on the Father for His right hand save me from the snare of the devil. Guard me surrounding me with the fence of the Blood and Fire as I continue to put the enemy under authority.  In the name of Jesus Christ. And take authority over all principalities, powers, strong-men, world-rulers of darkness, kings and princes and command them to obey and I break and loose the curses and demonic powers from me now under the authority and leadership of Jesus Christ and the Holy Spirit and by the Blood of the Lamb.   I break the failure, rebellion, emotional stress and trauma, submission to ungodly cover in my life. I break the inherited curses on the both sides of my family. By the Power of the Death and Resurrection of the Christ and through the Work done in the Cross for my Salvation and Deliverance I proclaim your Word that You have given me authority to trample on snakes and scorpions and to overcome all the power of the enemy and nothing will harm me.  I break demonic or ungodly soul ties of myself and of my family.   I bind, tear down and break any demonic power with the Sword of the Spirit and the Blood of the Lamb. I use love as a weapon. I use tongues of men and angels to expel demons. I bind the dark powers in the air. ...If you are looking for more audio prayers: http://bit.ly/AudioPrayers or text prayers: http://bit.ly/Prayersbook where you can add your own text prayers.Christian T-shirts and gifts https://shop.spreadshirt.com/christian-t-shirts-and-gifts/ Christian apps http://bit.ly/prayerapps101",Recite deliverance prayers for protection.,Access various prayers against evil.,"Navigate through the app and click any buttons or links that lead to Menu, more apps, or advertising content"
paint.by.number.pixel.art.coloring.drawing.puzzle,Paint by Number: Coloring Game,4D6A7467CF735A58A5D3C1C885DAE07D06EC66E908B4BD684E874287430C41F5,Puzzle,"Paint by Number is a global-renowned coloring and puzzle game with over 100 million users of all ages. PBN is dedicated to creating a gateway that could take you away from the ordinary and uneventful aspects of life and lead you to an imaginative and beautiful world of coloring. Each painting in PBN comes from top artists worldwide who passionately invest themselves in their craft, striving for excellence in every creation. This devotion ensures you'll experience high-quality masterpieces. PBN boasts over 30,000 artworks spanning various categories, such as fantasy, nature, animals, and so on. Simply pick an image, follow the number guide, and create a lifelike masterpiece in no time! Coloring has never been easier!Looking to relax by coloring and unleashing your creativity? In this game, ¬∑ You will venture with magical creatures in a fantastical world or bask in the pure moments shared with fairytale characters...¬∑ You will Immerse yourself in the beauty of Pastoral Landscapes, Farm Life, and Natural Scenery by coloring these stunning artworks, feeling the peace and relaxation deep in your soul.¬∑ You will discover inner calm and harmony by coloring Mandalas and Geometric Patterns, allowing you to maintain focus and enrichment.Why choose Paint by Number?MOST CREATIVE ARTISTS' WORKS¬∑ Top-notch resources: PBN continually gathers highly creative, top-tier artists from around the globe, who are passionate and fully committed to their craft. With a relentless pursuit of excellence, they ensure you'll encounter unique, high-quality masterpieces that fuel your limitless creativity.¬∑ Diverse styles: Featuring artworks across various artistic genres, themes, and styles, PBN offers you a unique collection of pieces that capture diverse cultural backgrounds and distinct aesthetics!PBN'S UNIQUE FUN GAMEPLAY¬∑ Picture Book Story: Combining coloring with stories, allowing color to infuse characters with vitality. Immerse in the world of the story, sharing the joy and insights of growth. ¬∑ Collection events: Complete picture-searching tasks while unlocking more precious works. Experience the fun of searching for pictures and enjoy the satisfaction of the collection's success. OUTSTANDING APP USER EXPERIENCE ¬∑ Easy coloring: Simply touch the screen, and colors will flow at your fingertips, creating masterpieces in minutes. ¬∑ Immersive coloring experience: An utterly immersive coloring experience that allows you to focus on the color-filled process and feel the tranquility and relaxation of coloring. ¬∑ User-friendly: Industry-leading app stability, excellent data security, and a user-friendly interface. Enter PBN's artistic Odyssey, and with each stroke, bring color to life and release your creativity. Enjoy peaceful relaxation and awe-inspiring moments that inspire and soothe the mind.Start PBN's coloring game now to embark on a magical artistic journey. Ignite your inner inspiration and enjoy serene, pleasing, and joyful times.-------------------Your privacy on AndroidPBN app requests access to your pictures when you use Setting-Feedback-Upload pictures, and uploads the pictures you choose to our server, so that your feedback can be resolved faster.We do not sell any personal information you provide us, nor do we share your private information without your consent.Contact us: paint_support@kidultlovin.comFollow our page: https://www.facebook.com/PaintByNumber.coloringbook/",,,"Navigate through the app and click any buttons or links that lead to Menu, more apps, or advertising content"
com.mt.hrtinstadpashsandeeps,Heart Insta DP Maker,EE831436C5E9391D0FFF22E59E204FBBDE3A6FD50667C163C60A46EBBE38B158,Photography,"Heart Insta DP maker contains beautiful Heart frames with decorated back ground images for you to make it as your love DP or share it with your loved ones to express your love for them. This Heart Insta DP Maker app is free to download and easy to use. This Heart Insta DP Maker app contains three categories of Love Frames:1.     Heart Insta DP Maker Photo Frames2.    Neon Heart Photo Frames3.    Fire Heart Photo FrameYou can now place your Social media Profile pic or DP images or status images covered with heart photo frame using this heart Insta DP maker app. These frames can be used in various ways likeHeart Insta DP maker to express Your LoveNeon Heart Insta DP Maker frames to express brightness and HappinessFire Heart Insta DP Frames can be use to express Love or Anger‚Ä¢         You just need to download and install this Heart Insta DP Maker app‚Ä¢         Select the category of your choice from the list provided for Heart Insta Frames‚Ä¢         Select the photo frame of your choice provided in Heart shapes‚Ä¢         Add your photo in photo frame‚Ä¢         Write name on photo using text on pic option to make it more personalized‚Ä¢         Save it and share it or use it as profile pic.Do rate this app and leave your comments and also share it with your friends and family members on social mediaDisclaimer:All the graphics used in/for this app including site icon, web graphics, mobile icon, screen shots, banner are purely to make you understand this appThe output of the application may not match the screen shot as your mobile resolution and size may differsIf any issue with content of the app or graphics then please let us know on our mail id : dmodsngh.mmu@gmail.com",Edit and share photos.,Create personalized heart-themed DP and status images.,"Navigate through the app and click any buttons or links that lead to Menu, more apps, or advertising content"
com.teachersparadise.fingertracing001,Alphabet & Numbers - English H,064F15D65D3C8769AA8AE1070CF8D234EAD897D86046D0AFB2E4D1A69698CD5F,Educational,"New update includes over 100 total activities!Copyright 2010 TeachersParadise.com, Inc.",Learn the English alphabet and numbers.,Engage in interactive educational activities.,"Navigate through the app and click any buttons or links that lead to Menu, more apps, or advertising content"
com.xphotokit.app,X PhotoKit,C79A94A19F4D41F33A1252F20FF7B9F1C58EAF27DC108E8AFA3EA4DFAD059C4E,Photography,"X PhotoKit provides many powerful photo editing toolkits. Includes a series of fashion effects, filters and puzzle tools to help you create eye-catching effects. Even if you have never edited photos before, you can unleash your creativity and edit pictures like a professional!** Photo Collage Maker- Remix up to 18 picture into a photo collage instantly;- 100+ grids, massive backgrounds, frames, filters to choose from;- Halloween, Aesthetic, Cartoon, Emoji, Doodles and more photo stickers for BABY.Other KEY FEATURES+ Powerful and easy photo editing tools;+ Hundreds of filters for pictures and photo effects;+ Glitch and light leaks effects;+ Body editor for slimming body & face;+ Collage maker with 100+ layouts and backgrounds;+ Blur photo editor with DSLR blur effect;+ Massive fun stickers;+ Draw and add text with various art fonts;+ Crop, rotate, vertical and horizon;+ Adjust brightness, contrast, warmth and saturation etc;+ Highlight and shadow;Aesthetic Photo EditorAesthetic Photo Editor allows you add cool aesthetic glitch effects to your photos. Start your psychedelic journey with glitch effects. If you are a fan of Aesthetic style, you can not skip this Aesthetic photo editor.Blur Photo EditorA must-have blur photo editor with advanced blur image brush. It is used to blur parts of your photo to get DSLR blur effect. You can also unblur the image with eraser and adjust its blur strength as well.Background Photo EditorUse this advanced background eraser, seamlessly combine your cutout photo with a ton of creative background templates. Both an AI cutout tool and a background changer designed for you to make artworks easily and quickly.Glitch Photo EditorGlitch Photo Editor combines old-school and modern digital styles rather well. Its glitch effect brings intense visual conflicts, which makes your photos eye-catcher on Instagram.Photo Collage MakerJust select several pictures, Photo Editor instantly remix them into cool photo collage. Pick layout you like best, edit collage with filters, background, stickers, etc.About our permissions:X PhotoKit asks for permissions ""READ_EXTERNAL_STORAGE, WRITE_EXTERNAL_STORAGE"" to read your photos so that we can edit and save photos. We do not use this permission for any other purpose.X PhotoKit deserves your try right away. It is the simplest but the most useful photo effects editor. With X PhotoKit, your moment will be as brilliant as an artwork. If you have any problems or suggestions, feel free to let us know.",,,"Navigate through the app and click any buttons or links that lead to Menu, more apps, or advertising content"
com.app2game.aquarium.live.wallpaper.free,Aquarium Live Wallpaper Touch,38A7AFA442FD7C0478871E4FD2EBB76ABF53FB9745C088DB83126FD7DC8E46FA,Entertainment,"Aquarium Live wallpaper free      We are introducing most creative and many features aquarium live wallpaper for free download. It's low battery usage and easy to use with animated fish and air bubbles. Realistic and Colorful fish's swims on sea backgrounds. Fishes cab be animate and move faster when we touch on it. In this free aquarium live wallpaper, we have 3 main options to set as live wallpaper. Side View Aquarium Live Wallpaper:   Aquarium and fishes appear in side view. Fishes can move faster if we touch on it. We can change the backgrounds and fishes, customize the fishes quantity, size and speed. Top View Aquarium Live wallpaper:   Aquarium and fishes appear in top view. In this view we can see the fishes and backgrounds from top angle. In this view also fishes can be animate faster if we touch on it. We can customize all options like side view aquarium. Photo aquarium Live wallpaper:   In this special option we can fit our photo in the aquarium photo frames. Fishes can be animate on photo, which is fit already in frames. different types of photo frames given for your customization.Features:	‚òÖ Number of backgrounds	‚òÖ Colorful fishes and bubbles	‚òÖ Touch interaction on/Off	‚òÖ Photo aquarium 	‚òÖ Control the speed, quantity and size of the fishesYour ratings and comments must be appreciating, so please encourage us with your ratings to publish more free applications...Thanks for download ""Visu Entertainment"" apps...",Customize live wallpapers with interactive features.,Improve your knowledge across various topics in Hindi.,"Navigate through the app and click any buttons or links that lead to Menu, more apps, or advertising content"
com.gkinhindiofflince.a30000gkquestion,"60,000+ GK Questions in Hindi",0BDBB443BA203B59BF47F65761B6B8E6B315AFCC1E65F13B9BA43758C226FDF3,Education,"This app includes 60,000+ GK Question and it also includes thousands of MCQ questions. All Exams GK In Hindi is for all competitive exams like Civil Services, SSC, Bank PO, Railway etc. In this app 40000+ Important objective type questions are being provided. Each topic contains the simple and easy steps of learning something which you feel difficult to remember. ‡§™‡§∞‡•Ä‡§ï‡•ç‡§∑‡§æ‡§ì ‡§π‡•á‡§§‡•Å ‡§∏‡§æ‡§Æ‡§æ‡§®‡•ç‡§Ø ‡§ú‡•ç‡§û‡§æ‡§® ‡§è‡§™ ‡§π‡§ø‡§®‡•ç‡§¶‡•Ä ‡§≠‡§æ‡§∑‡§æ ‡§Æ‡•á‡§Ç, ‡§á‡§∏ ‡§è‡§™ ‡§Æ‡•á‡§Ç ‡§∏‡§æ‡§Æ‡§æ‡§®‡•ç‡§Ø ‡§ú‡•ç‡§û‡§æ‡§® ‡§ï‡•á 40000+ ‡§∏‡•á ‡§Ö‡§ß‡§ø‡§ï ‡§™‡•ç‡§∞‡§∂‡•ç‡§® ‡§â‡§§‡•ç‡§§‡§∞‡•ã ‡§ï‡§æ ‡§∏‡§Æ‡§æ‡§µ‡•á‡§∂ ‡§ï‡§ø‡§Ø‡§æ ‡§ó‡§Ø‡§æ ‡§ú‡§ø‡§∏ ‡§∏‡•á ‡§™‡•ç‡§∞‡§§‡§ø‡§Ø‡•ã‡§ó‡•Ä ‡§™‡§∞‡•Ä‡§ï‡•ç‡§∑‡§æ‡§ì ‡§ï‡•Ä ‡§§‡•à‡§Ø‡§æ‡§∞‡•Ä ‡§ï‡§∞‡§®‡•á ‡§Æ‡•á‡§Ç ‡§Ü‡§∏‡§æ‡§®‡•Ä ‡§π‡•ã‡§ó‡•Ä ! ‡§á‡§∏ ‡§è‡§™ ‡§ï‡§æ ‡§¶‡•Ç‡§∏‡§∞‡§æ ‡§¨‡•ú‡§æ ‡§´‡§æ‡§Ø‡§¶‡§æ ‡§Ø‡§π ‡§π‡•à ‡§ï‡•Ä ‡§Ø‡§π ‡§™‡•Ç‡§∞‡•Ä ‡§§‡§∞‡§π ‡§∏‡•á ‡§¨‡§ø‡§®‡§æ ‡§á‡§®‡•ç‡§ü‡§∞‡§®‡•á‡§ü ‡§ï‡•á ‡§≠‡•Ä ‡§á‡§∏‡•ç‡§§‡•á‡§Æ‡§æ‡§≤ ‡§ï‡•Ä ‡§ú‡§æ ‡§∏‡§ï‡§§‡•Ä ‡§π‡•à ‡§ú‡§ø‡§∏ ‡§∏‡•á ‡§Ü‡§™‡§ï‡•ã ‡§ï‡§π‡•Ä ‡§≠‡•Ä ‡§ï‡•ã‡§à ‡§∏‡§Æ‡§∏‡•ç‡§Ø‡§æ ‡§®‡§π‡•Ä‡§Ç ‡§π‡•ã‡§ó‡•ÄGK Quiz gk in hindi app is useful for IAS, UPSC, SSC, IPS, BANK PO, BANK CLERK, BANK EXAMS, IFS, PCS, CIVIL SERVICES, BANK SPECIALIST OFFICER, RRB or REGIONAL RURAL BANKS, STATE CIVIL SERVICES, POLICE EXAMS, SSC CGL, CISF, CAPF, NDA EXAMS, CDS EXAM, RAILWAY EXAMS, GOVERNMENT JOB EXAMS, IBPS BANK EXAMS, IBPS CWE EXAMS, INSURANCE EXAMS, POST OFFICE EXAMS, NICL‚Äì Assistants, AICL ‚Äì AO, UICL ‚Äì AO, APPSC, BPSC, Chhattisgarh PSC, GPSC, HPSC, HPSSSB, HPPSC, JKPSC, Jharkhand PSC, Kerala PSC, MPPSC, MPSC, Delhi Subordinate Services Selection Board, OPSC, RPSC, PPSC, TNPSC, UPPSC, WBSETCL.Right now we have questions of all mixed GK quiz and one liner likeIndia GK in Hindi General Knowledge (‡§∏‡§æ‡§Æ‡§æ‡§®‡•ç‡§Ø ‡§ú‡•ç‡§û‡§æ‡§®)Banking Awareness (‡§¨‡•à‡§Ç‡§ï‡§ø‡§Ç‡§ó ‡§ú‡§æ‡§ó‡§∞‡•Ç‡§ï‡§§‡§æ)Books Author (‡§ï‡§ø‡§§‡§æ‡§¨‡•á‡§Ç ‡§≤‡•á‡§ñ‡§ï)Sports (‡§ñ‡•á‡§≤)Computer Knowledge (‡§ï‡§Ç‡§™‡•ç‡§Ø‡•Ç‡§ü‡§∞ ‡§ú‡•ç‡§û‡§æ‡§®)Mix Questions (‡§Æ‡§ø‡§ï‡•ç‡§∏ ‡§™‡•ç‡§∞‡§∂‡•ç‡§®)History (‡§á‡§§‡§ø‡§π‡§æ‡§∏)Culture (‡§∏‡§Ç‡§∏‡•ç‡§ï‡•É‡§§‡§ø)History of India (‡§≠‡§æ‡§∞‡§§ ‡§ï‡§æ ‡§á‡§§‡§ø‡§π‡§æ‡§∏)Geography (‡§≠‡•Ç‡§ó‡•ã‡§≤)Economics (‡§Ö‡§∞‡•ç‡§•‡§∂‡§æ‡§∏‡•ç‡§§‡•ç‡§∞)reasoning Indian Railway GK Quiz In HindiBank GK Quiz In HindiGeneral Science GK Quiz In HindiPhysics GK QuizChemistry GK QuizBiology GK Quiz In HindiFirst In India GK Quiz In HindiHindi Grammar GK QuizDiscovery and Invention GK In HindiSSC GK In HindiCurrent Affairs In Hindi","Answer over 60,000 General Knowledge questions.",Interact with live aquarium wallpaper and customize settings.,"Navigate through the app and click any buttons or links that lead to Menu, more apps, or advertising content"
com.meberty.selfievideorecorder,Best Selfie Video Recorder - P,03E4491A4D34D9E3B89504664D9455E4C144C6E4BA0D0F41CF461A0600B090F0,Video Players & Editors,"This is a great app use for portraits video recording, helps you to improves your appearance when you are recording selfie by creating effects for your video, such as giving your skin a radiant look, removing skin tones, removing any blemishes on your skin!Main Features:‚Ä¢ Supports many best selfie filters and effects.‚Ä¢ Smooth the face, clear acne and dark spots.‚Ä¢ Camera video and camera photo in one.‚Ä¢ Edit videos and pictures from the device gallery.‚Ä¢ Adjust intensity for each effect.‚Ä¢ Change effects during movie recording.‚Ä¢ Take snapshots while recording a movie.‚Ä¢ Supports front and back cameras.‚Ä¢ Change aspect ratio and resolution.‚Ä¢ Customize the camera white balance.‚Ä¢ Manage the created images and videos.Do you like this app? Please leave your reviews and suggestions, it will help us make this app better in the next versions! Thank you!",,,"Navigate through the app and click any buttons or links that lead to Menu, more apps, or advertising content"
com.zavariseapps.mulherdeoracao,Mulher de Ora√ß√£o,0083EB6B0123CB79D6E79239D1A7A6D0003ED4DEAFE7FC2AF0067A6355648CB0,Books & Reference,"The ""Woman of Prayer"" application is a complete and unique application, developed especially for Christian women who seek to connect with God and strengthen their faith through prayer and reading the Bible. Available for Android, this app is an essential tool to help your spiritual growth, offering a range of features that meet your day-to-day needs.Main functions of the application:Bible in text and audio: With the complete Holy Bible at your disposal, both in text and in audio, you can read and listen to the Word of God anytime and anywhere. Audio narration makes it easy to understand and internalize the Scriptures, allowing you to meditate on divine truths while going about your daily activities.Prayer Request: The ""Woman of Prayer"" application offers a platform where you can send prayer requests and share your concerns and needs with a community of sisters in Christ. The power of intercessory prayer is undeniable, and this functionality allows you to receive support and encouragement in times of difficulty.Daily Messages to Share: Receive daily inspirational messages, verses and reflections that help nourish your spiritual life. Share these messages with family and friends, spreading love, hope and biblical wisdom. These messages have the power to touch hearts and change lives, as well as promote fellowship among Christians.Bible reading plan in 01 year: The application presents a structured Bible reading plan to be completed in one year. This plan will guide you through the entire Bible, helping you maintain reading consistency and deepen your knowledge of the Scriptures.The ""Woman of Prayer"" application is the perfect solution for anyone looking for a complete application that encompasses all the needs of a Christian woman in her relationship with God. All of this gathered in one place, with simple and easy-to-use features, so you can enjoy an enriching and empowering experience. Download it now and discover how this app can transform your spiritual life.",,,"Navigate through the app and click any buttons or links that lead to Menu, more apps, or advertising content"
com.tabexam.imo1,IMO 1 Maths  Olympiad,9DE53C06E1F252DAFB5366BEABAEBD1FCF4B4F7A9D3CF3EE2518FF39EBF6F11A,Education,"IMO - International Maths Olympiad 1 - Exam Prep from Sana Edutech* Chapter wise questions to cover Numbers, Shapes, Money, Time, Measurement* Logical & Reasoning ability tests* Anybody can take EIGHT full fledged IMO mock exams * Timed Quiz as well Practice-mode quiz* Instantaneous results provided with detail reports.* Fun way to learn and prepare for Olympiad competitive exams* Q/A are prepared with skilled professionals and presented in an appealing GUI* Any number of re-tests can be taken with this application* Know your percentile score compared to others in this category.~ Aligns with SOF Olympiad Syllabus as well other Olympiad exams ~Disclaimer: Sana Edutech helps students preparing for all type of School exams in India. We do not affiliate in any way with the agency conducting the respective exam. We have provided our best effort in educating the students through our own Android app.",Prepare for the International Maths Olympiad.,Practice with exam pattern questions.,"Navigate through the app and click any buttons or links that lead to Menu, more apps, or advertising content"
com.sanaedutech.chemistry_quiz,Chemistry Quiz & eBook,BB2BE0D02E0604B72C401CA62DB3B3397EB84867316C4B2225C17E5E386CE9E0,Education,"Chemistry Quiz & eBookApp loaded with thousands of Quiz, Notes, Periodic tables and Video materials to prepare for your exams.A simple and elegant quiz app that kindles your knowledge in Chemistry and helps you in self-evaluating yourself as well learn fast lot of Chemistry-questions. - Rich UI with categorized questions - Automatic pause-resume of quiz so that you can revisit the page where you stopped - Timed quiz as well Practice mode quiz - Review your answers against correct answers instantly - Detail evaluation report of all quiz results properly stored and categorized - Review anytime, anywhere  - Plenty of questions loaded ! Have fun and same time learn.Covers-2000+Q/A of Chemistry helpful in preparing for all Competitive exams and university Exams.-Periodic Table Included-Periodic table Quiz with more than 1000+Q/A-Chemical equations at a glance-Quick Glance of formulae-Glossary and definitions included to ease your preparation-Ebooks in the form of study notes- Video explanations added",Answer chemistry quiz questions.,Study with a comprehensive chemistry eBook.,"Navigate through the app and click any buttons or links that lead to Menu, more apps, or advertising content"
com.song_om_mantra_adv,Om Chant,7E8341E01070144F4ED27FC09E5A5F0390BD6EE69D1E15FCC75A3733381D2C7B,Music & Audio,The Om Chant application chants the universal mantra. Om is one of the most powerful mantra and brings inner peace to whoever listens to it. Listen to this daily and you will achieve peace and prosperity.The number of repetitions is configurable by the user.The permissions used are only for displaying ads.,Listen to the Om chant.,Use the app for meditation and relaxation.,"Navigate through the app and click any buttons or links that lead to Menu, more apps, or advertising content"
com.mods.tnt.mod.mcpe.redl,TNT Mod for Minecraft PE,A3FC49DB9F10263DCBF811EADFADDEA2FED504F71BB178CEBC07913392FD860E,Entertainment,"TNT Mod for Minecraft is very popular today. You have a unique opportunity to download it right now!TNT Mod for Minecraft PE has a number of distinctive features:1.	48 ammunition for effective explosions.2.	Availability of new resources in the form of gunpowder and uranium.3.	Previous versions errors lack.4.	The lasted updated to version 3.0.5.	Availability of more than 50 TNT.TNT Mod for Minecraft PE is the latest version of the popular add-on. Now you have more than 50 types of explosives to make powerful explosions. All this is available to users of Minecraft PE. Become the owner of the latest version right now!DISCLAIMER: TNT Mod is an unofficial application for Minecraft PE. This application is not affiliated in any way with Mojang AB. All rights reserved. The Minecraft Name, the Minecraft Brand and the Minecraft Assets are all property of Mojang AB or their respectful owner. In accordance with ‚Äã http://account.mojang.com/documents/brand_guidelines",Install and use the TNT Mod in Minecraft.,Explore new features and enhancements in the game.,"Navigate through the app and click any buttons or links that lead to Menu, more apps, or advertising content"
com.alexuvarov.android.futoshiki,Futoshiki,4D883F399C99768BB758F122D26A651A3474FE41F17015C8D89FAC9B298CA097,Puzzle,"What is Futoshiki?Futoshiki is a funny logic puzzle game from Japan. In this game you need to fill all cells with numbers. Some cells can be filled initially, the rest is filled by the player. The game is very similar to the game ""Sudoku"", but it has a difference. On the playing field, in addition to numbers, there may also be signs (more, less). The sign between two cells means that one number is greater than the other. A correctly filled square must satisfy the following three conditions:1. The numbers in each line should not be repeated.2. The numbers in each column should not be repeated.3. If there are signs (arrows) on the field, then the condition must be met. (One number is smaller than the other).Levels.In the program you can choose 6 difficulty levels (4x4, 5x5, 6x6, 7x7, 8x8 and 9x9). The larger the square, the more difficult it is to go through. If you play Futoshiki for the first time, we recommend that you start with a 4x4 square. At each level of complexity you will be offered 2000 unique game levels. The higher the number the more difficult. (Level 2000 is the most complex).How to play?To change the value of a cell - first select it, and then click on the numbers at the bottom of the screen to put a number in the cell. You can put several numbers in one cell at once, but the level is considered passed, when in each cell there is only one number. If you want to remove a number from the cell, select it and click the corresponding number in the bottom of the screen.",Play Futoshiki logic puzzles.,Enhance problem-solving skills through challenging gameplay.,"Navigate through the app and click any buttons or links that lead to Menu, more apps, or advertising content"
com.wolf.woringtones,Wolf Sounds Ringtones,0458B2C9EE3EA665A980802FD1A4B1F4F138C0D1299F4400EBEA0964BBBB28EA,Music & Audio,"Magnificent Wolf howls in the natural world,  there is nothing like that to give you the feeling of being outdoor. it's nature at it's best. Real gray Wolf sounds,  they make to communicate to pack for and others or feeling lonely. The sound they make is like soothing sound of nature for deep sleep and relaxation.Black and white Wolves howling at night such a haunting and beautiful sound, Wolf howling at moon on a cold night,  lonely wolf howl mournful sound, scary wolf growling. Wolf pack howl and growl,  wolves pack the way they hold there heads up and howl simply amazing. From these beautiful animals come millions of a species we love & adore ... dogs. Customize your phone ringtones with these beautiful high quality wolf sounds. Features:-  Works Offline - High quality wolf images and mp3 sounds- Share with family and friends - Play audio in background  to create a soothing atmosphere.- Easy, Simple and Eye Pleasant User Interface.",Play and manage audio content.,Set unique wolf sounds as ringtones and share with friends.,"Navigate through the app and click any buttons or links that lead to Menu, more apps, or advertising content"
conversor.conversaotaxasbasico.gbpmad,Pound GBP x Moroccan Dirham,F919E126900CADB1A340FE12F891D6763E6E3ED0A6DB77C76323DE4FB53E1804,Finance,A simple currency converter from British Pound to Moroccan Dirham and from Moroccan Dirham to British Pound.,Convert British Pound to Moroccan Dirham,Check up-to-date exchange rates.,"Navigate through the app and click any buttons or links that lead to Menu, more apps, or advertising content"
com.kitegames.baby.spans.photo.editor,Baby Snaps Pregnancy Photo App,45FF9CCE9A5CDE526D2D366C82C2F32ADB9429E114A54FDB9B0B073AC248C5B7,Photography,"Capture your baby‚Äôs milestone or pregnancy milestone with lots of beautiful fonts,artworks & filters to create adorable memories with your baby!

Baby Snaps lets new moms & expectant parents easily add doodles, artworks,texts, captions,quotes on their cute baby's photo and share it via Instagram, Facebook, Twitter. You can also apply magical filters to make adorable memories with your baby. Turn your baby‚Äôs monthly pictures into a memorable story with Baby Snaps app. You‚Äôll be amazed at all the creative things you can do with lovely doodles and filters that will make your photo a standout. It‚Äôs easy to use and have a nice interface.",Take photos and track pregnancy milestones.,Create and customize photo timelines of your baby's development.,"Navigate through the app and click any buttons or links that lead to Menu, more apps, or advertising content"
com.aduilio.headstails,Heads and Tails,C84157733060B8A0CD8861303CEFEE3CBF14208DBE6D314E22B3C5E0E08748A8,Entertainment,A simple Heads and Tails.,Simulate a coin toss with a simple tap.,Use the app for decision-making or game playing.,"Navigate through the app and click any buttons or links that lead to Menu, more apps, or advertising content"
com.hermanowicz.pantry,My Pantry,,Food & Drink,"The application is designed to help you maintain the freshness and order in the home pantry, mainly homemade preserves. It reminds you of the expiry products from your pantry. When adding new products You can print stickers with QR code and name of product. You can find product by scan the sticker to find product details in your pantry, delete it or print new sticker.",Notify users about the expiry dates of products in their pantry.,"Allow users to add new products, print stickers with QR codes, and scan stickers to find product details.","Navigate through the app and click any buttons or links that lead to Menu, more apps, or advertising content"
com.newandromo.dev11381.app1182500,Music Jehovah's Witnesses,,Music & Audio,"Listen Christian songs used for praise and worship of Jehovah God. Vocal, orchestral, and instrumental music are available.",Allow users to listen to Christian songs used for praise and worship of Jehovah God.,"Provide access to a variety of vocal, orchestral, and instrumental music tracks.","Navigate through the app and click any buttons or links that lead to Menu, more apps, or advertising content"
com.ikeyboard.theme.led.pastel,LED Flash Keyboard Background,,Personalization,"üíãIf you are looking for new keyboard themes to personalize your Android device with LED Flash Keyboard Theme is going to be perfect for you! Try this keyboard and enjoy the smart typing now! This keyboard theme will make your phone look amazing! Start enjoying this amazing new way to personalize your device! Take the LED Flash keyboard and have your splendid experience now!

‚úÖHow do I apply for LED Flash keyboard theme?‚úÖ
‚Ä¢ Download LED Flash Keyboard Theme from Play Store and open itÔºõ
‚Ä¢ Click the APPLY button or the preview picture of LED Flash Keyboard ThemeÔºõ
‚Ä¢ Bravo! You have installed and applied LED Flash Keyboard ThemeÔºõ
‚Ä¢ Press the Finish then enjoy the LED Flash Keyboard app.","Enable users to download, install, and apply the LED Flash keyboard theme to personalize their Android device.",Provide users with an improved and visually appealing typing experience with the LED flash effects.,"Navigate through the app and click any buttons or links that lead to Menu, more apps, or advertising content"
godbless.orthodox.prayers,Orthodox prayers audio offline,,Music & Audio,"Pray the following prayers anywhere:

Jesus prayer
Symbol of Faith
Our Father
Morning prayers
Rejoice Virgin Theotokos
Glory to the Father
Evening prayers","Allow users to listen to various Orthodox prayers offline, including the Jesus prayer, Symbol of Faith, and Our Father.","Provide access to a selection of prayers for different times of the day, such as morning and evening prayers.","Navigate through the app and click any buttons or links that lead to Menu, more apps, or advertising content"